{"targetVpm": 3.0, "radius": 0.29982404984566113, "teethDiameter": 0.04221258228272437, "depth": 0.5996480996913223, "angleSpeed": 1.7455544259508113, "caseThickness": 0.014991202492283057, "x": 0, "y": 0}