{"targetVpm": 0.3, "radius": 0.051966672365662527, "teethDiameter": 0.009895298851592649, "depth": 0.10393334473132505, "angleSpeed": 4.145378864508411, "caseThickness": 10.0, "x": 0, "y": 0}
