{"targetVpm": 5.1, "radius": 0.19701151666258682, "teethDiameter": 0.028199519447924915, "depth": 0.39402303332517363, "angleSpeed": 6.886372252685602, "caseThickness": 10.0, "x": 0, "y": 0}