{"targetVpm": 4.0, "radius": 0.20220568466513167, "teethDiameter": 0.020220568466513166, "depth": 0.40441136933026334, "angleSpeed": 7.484172197097573, "caseThickness": 10.0, "x": 0, "y": 0}