{"targetVpm": 1.5, "radius": 0.12993471503711107, "teethDiameter": 0.013003643798131079, "depth": 0.25986943007422214, "angleSpeed": 6.7866691512373905, "caseThickness": 0.0064967357518555535, "x": 0, "y": 0}