{"targetVpm": 7.0, "radius": 0.17467470435668828, "teethDiameter": 0.03314152161534236, "depth": 0.33752163382338557, "angleSpeed": 9.016525521321327, "caseThickness": 0.008733735217834413, "x": 0, "y": 0}