{"targetVpm": 5.9, "radius": 0.21806804702622692, "teethDiameter": 0.03115209641150444, "depth": 0.43613609405245385, "angleSpeed": 6.524471554389571, "caseThickness": 10.0, "x": 0, "y": 0}