{"targetVpm": 3.5, "radius": 0.2398440052712092, "teethDiameter": 0.030322144985950795, "depth": 0.4796880105424184, "angleSpeed": 3.646018044325365, "caseThickness": 10.0, "x": 0, "y": 0}