{"targetVpm": 50.0, "radius": 0.3853604712854937, "teethDiameter": 0.09634011782137343, "depth": 0.7707209425709874, "angleSpeed": 9.129413691355822, "caseThickness": 0.019268023564274685, "x": 0, "y": 0}