{"targetVpm": 3.4, "radius": 0.23624492795046526, "teethDiameter": 0.02608597764662624, "depth": 0.4724898559009305, "angleSpeed": 4.187820403499969, "caseThickness": 10.0, "x": 0, "y": 0}