{"targetVpm": 23.0, "radius": 0.490780500223853, "teethDiameter": 0.06887532370579254, "depth": 0.981561000447706, "angleSpeed": 5.024640283479, "caseThickness": 10.0, "x": 0, "y": 0}