{"targetVpm": 5.0, "radius": 0.2653422022818764, "teethDiameter": 0.029482466920208488, "depth": 0.5306844045637528, "angleSpeed": 4.8249243354392775, "caseThickness": 10.0, "x": 0, "y": 0}