{"targetVpm": 1000.0, "radius": 0.5024141915230893, "teethDiameter": 0.1674713971743631, "depth": 1.0048283830461786, "angleSpeed": 10, "caseThickness": 0.025120709576154466, "x": 0, "y": 0}