{"targetVpm": 12.0, "radius": 0.3872652169849886, "teethDiameter": 0.04916542356280931, "depth": 0.7745304339699772, "angleSpeed": 4.7585186014627405, "caseThickness": 10.0, "x": 0, "y": 0}